id,predicted
d8bfd1dafdc4,70392 3 71095 5 71799 5 72503 5 73206 6 73910 5 74613 6 75316 6 76020 6 76723 7 77427 6 78130 7 78834 7 79538 7 80241 7 80945 7 81648 7 82352 7 83056 7 83759 8 84463 7 85167 6 85871 6 86574 7 87278 6 87982 6 88686 6 89389 6 90093 6 90796 7 91500 6 92204 6 92907 7 93611 7 94315 6 95019 6 95722 6 96426 6 97130 6 97834 6 98538 6 99241 6 99945 6 100649 5 101353 5 102056 6 102760 6 103463 7 104167 7 104871 7 105575 7 106279 7 106982 8 107686 8 108390 8 109094 8 109797 9 110501 9 111204 11 111907 12 112611 13 113315 13 113330 1 114018 18 114038 1 114042 1 114721 23 114745 3 115424 30 116127 31 116831 31 117535 31 118238 22 118261 2 118265 2 118269 1 118940 21 119643 18 120345 17 121048 16 121752 15 122455 15 123158 13 123861 13 124564 13 125266 14 125969 12 126672 12 127375 11 128078 11 128781 12 129485 10 130188 10 130891 10 131595 10 132299 7 133003 6 133707 3 134411 3 135115 2
d8bfd1dafdc4,825 3 1525 10 2229 11 2933 12 3637 12 4342 12 5046 12 5750 13 6454 13 7158 14 7863 14 8567 14 9271 15 9975 15 10679 16 11383 17 12087 17 12792 17 13496 17 14200 18 14904 18 15608 19 16313 18 17017 18 17721 18 18425 19 19129 19 19833 19 20537 19 21241 20 21945 20 22649 20 23353 20 24057 21 24761 21 25466 20 26170 21 26874 21 27579 20 28283 21 28988 20 29692 20 30396 21 31100 21 31804 22 32510 20 33214 21 33917 22 34621 22 35326 21 36031 21 36734 21 37438 21 38142 21 38847 20 39552 19 40256 19 40961 17 41666 16 42371 15 43075 14 43780 13 44484 13 45189 12 45893 11
d8bfd1dafdc4,115901 8 116604 10 117310 11 118015 13 118721 14 119426 15 120130 17 120837 14 121543 13 122248 15 122954 15 123659 17 124365 17 125072 16 125777 17 126483 17 127190 17 127896 17 128603 17 129309 18 130015 21 130722 21 131428 25 132133 31 132840 33 133548 35 134256 38 134966 38 135678 37 136389 33 137097 32 137811 34 138519 39 139230 38 139273 2 139939 42 140650 38 141360 33 142071 28 142780 24 143498 1
d8bfd1dafdc4,163242 4 163944 8 164647 9 165351 10 166054 12 166758 13 167461 13 168164 13 168867 14 169571 14 170274 14 170977 14 171680 14 172383 15 173087 14 173790 14 174494 14 175198 13 175901 13 176605 12 177308 12 178011 12 178714 12 179417 12 180119 13 180823 11 181526 11 182229 11 182933 9 183635 10 184338 10 185042 9 185745 9 186448 9 187151 9 187854 9 188557 9 189260 10 189963 10 190666 10 191370 9 192073 9 192776 9 193480 9 194183 9 194885 10 195588 10 196291 10 196994 10 197697 11 198401 10 199104 10 199807 10 200510 10 201212 11 201915 11 202618 11 203322 10 204025 11 204729 10 205432 10 206135 10 206837 11 207540 11 208243 11 208946 11 209649 11 210353 11 211056 11 211760 10 212462 10 213164 12 213867 11 214570 12 215273 12 215977 11 216680 12 217384 11 218086 11 218788 12 219490 12 220194 11 220897 11 221600 12 222304 11 223007 10 223710 9 224412 9 225114 10 225818 9 226521 9 227225 9 227928 9 228632 8 229334 9 230034 12 230737 11 231440 11 232144 10 232847 10 233550 10 234254 9 234957 8 235660 7 236363 6 237066 6 237769 6 238473 4 239176 5 239881 2
d8bfd1dafdc4,1759 15 2462 18 3167 19 3871 21 4575 24 5281 24 5986 27 6692 28 7397 31 8102 32 8806 35 9510 38 10215 40 10919 42 11624 43 12329 44 13033 46 13737 47 14442 48 15146 49 15850 50 16554 52 17258 54 17963 53 18667 54 19371 56 20076 57 20782 56 21488 55 22195 54 22899 23 22926 29 23602 11 23616 4 23639 22 24308 3 24347 19 25056 16 25762 16 26434 2 26469 15 27176 14 27883 14 28588 15 29294 16 30001 16 30707 17 31414 17 32120 21 32828 20 33534 21 34242 21 34950 19 35657 17 36363 16 37072 10 37779 4
d8bfd1dafdc4,339442 4 340146 6 340850 8 341555 8 342260 8 342965 9 343670 9 344374 10 345079 11 345783 12 346488 12 347193 12 347898 13 348602 15 349307 17 350011 19 350716 21 351421 22 352125 24 352830 25 353535 26 354239 28 354944 29 355650 29 356355 31 357059 39 357764 43 358469 46 359173 48 359879 46 360584 45 361289 44 361994 43 362699 42 363405 36
d8bfd1dafdc4,227787 3 228488 7 229191 8 229894 9 230598 9 231302 9 232005 10 232709 10 233412 11 234116 11 234819 12 235523 12 236227 12 236930 13 237633 14 238337 14 239041 13 239744 14 240448 13 241151 14 241854 14 242557 15 243260 15 243964 14 244668 13 245371 14 246074 14 246778 14 247481 14 248184 15 248887 15 249590 16 250293 17 250997 17 251700 18 252403 19 253106 19 253808 21 254512 21 255215 22 255919 22 256622 23 257325 23 258028 24 258731 24 259435 24 260138 24 260842 23 261546 23 262249 23 262952 24 263656 23 264360 22 265063 22 265766 23 266470 22 267174 22 267877 22 268581 22 269284 21 269987 21 270691 20 271394 20 272098 20 272801 20 273505 18 274208 18 274912 17 275616 16 276319 17 277023 16 277726 16 278430 15 279134 14 279837 14 280541 13 281244 14 281948 13 282651 13 283354 13 284057 13 284761 12 285465 11 286168 11 286872 10 287575 10 288278 10 288981 10 289685 10 290389 9 291092 10 291796 9 292500 8 293204 7 293908 6 294612 5 295316 4 296020 3
d8bfd1dafdc4,124248 28 124942 40 125645 44 126349 46 127052 49 127756 50 128460 51 129164 52 129868 54 130572 55 131276 56 131980 56 132685 56 133389 57 134094 57 134799 57 135504 57 136209 56 136915 55 137620 54 138325 54 139031 53 139736 53 140441 53 141147 51 141852 51 142558 50 143263 50 143969 48 144674 48 145379 48 146085 47 146790 47 147495 47 148200 47 148905 47 149610 47 150316 10 150332 31 151040 28 151747 25 152452 25 153157 25 153862 26 154567 26 155273 25 155978 25 156683 24 157388 24 158093 24 158798 24 159503 24 160208 24 160913 24 161619 24 162325 23 163030 22 163736 21 164441 20 165147 18 165852 17 166558 15 167269 5
d8bfd1dafdc4,196795 4 197496 9 198197 13 198896 18 199597 21 200300 22 201001 25 201703 27 202405 29 203107 31 203808 34 204510 35 205212 37 205913 38 206614 39 207315 41 208018 41 208720 42 209422 44 210124 45 210826 46 211528 47 212231 47 212933 48 213636 49 214338 50 215040 52 215742 52 216443 54 217145 54 217848 53 218550 52 219252 52 219953 53 220656 52 221359 51 222062 50 222765 49 223468 49 224171 49 224873 50 225576 50 226279 49 226983 47 227686 46 228389 46 229091 47 229792 50 230496 49 231200 47 231904 46 232607 46 233311 45 234014 45 234718 45 235421 45 236125 44 236827 45 237530 45 238232 46 238935 47 239638 47 240341 48 241044 48 241743 53 242447 52 243150 52 243853 52 244557 51 245260 52 245963 53 246666 53 247370 53 248074 52 248778 51 249482 50 250186 50 250890 49 251594 49 252298 48 253001 48 253705 47 254409 47 255113 46 255817 44 256522 42 257226 41 257930 41 258633 40 259337 39 260041 38 260745 36 261449 34 262154 32 262858 31 263562 31 264266 31 264970 30 265681 20
d8bfd1dafdc4,14901 1 15604 3 16308 4 17011 5 17714 6 18417 7 19121 7 19824 9 20527 10 21231 10 21934 11 22638 11 23341 12 24044 13 24748 13 25451 15 26155 15 26857 17 27560 19 28264 19 28967 21 29670 22 30374 22 31077 23 31780 24 32484 25 33188 25 33891 26 34595 26 35299 26 36002 27 36706 27 37410 27 38114 27 38817 27 39521 27 40224 28 40928 28 41632 28 42336 28 43039 29 43742 30 44445 31 45149 31 45852 33 46555 34 47258 35 47961 37 48665 37 49368 39 50071 41 50774 42 51477 44 52180 46 52884 46 53587 47 54291 47 54995 48 55699 48 56403 12 56416 35 57107 9 57124 31 57813 3 57817 1 57829 30 58534 29 59239 28 59944 27 60649 14 60664 11 61356 7 61370 9 62063 2 62075 8 62779 7 63484 6 64188 6 64893 5 65597 5 66302 3 67710 1 68414 1 69118 1
d8bfd1dafdc4,14795 3 15499 4 16203 4 16908 3 17612 3 18316 4 19020 5 19726 4 20431 5 21135 6 21839 7 22543 7 23247 8 23951 9 24655 10 25359 11 26063 11 26768 11 27472 11 28177 11 28882 11 29586 12 30291 12 30996 11 31701 11 32405 12 33110 12 33815 13 34519 14 35224 14 35928 15 36633 16 37337 18 38042 18 38747 18 39452 19 40156 23 40860 31 40893 10 41564 47 42269 47 42973 49 43677 51 44382 51 45086 51 45791 49 46496 42 46540 3 47200 39 47904 38 48608 35 49314 32 50019 31 50724 29 51428 28 52133 27 52839 25 53544 23 54249 22 54954 21 55658 18 56364 12 57069 10 57775 4
d8bfd1dafdc4,271588 6 272291 10 272994 11 273698 11 274402 11 275106 11 275810 11 276514 12 277218 12 277922 13 278626 13 279329 13 280033 12 280737 12 281441 11 282145 10 282849 11 283553 11 284257 12 284961 13 285665 13 286369 12 287073 11 287777 11 288481 10 289185 10 289889 11 290382 2 290593 12 291084 4 291297 13 291781 12 292001 15 292484 13 292705 14 293188 14 293409 13 293891 16 294113 12 294593 19 294817 11 295294 22 295521 10 295996 24 296225 11 296700 27 296928 13 297403 28 297632 14 298106 29 298336 15 298810 30 299040 16 299515 30 299744 14 300220 31 300448 13 300924 32 301153 11 301629 32 301857 10 302334 33 302561 10 303040 33 303264 12 303745 34 303968 13 304449 35 304672 14 305154 35 305375 17 305860 34 306079 16 306566 33 306784 14 307272 32 307488 13 307977 33 308192 12 308682 34 308896 12 309387 36 309600 12 310091 40 310304 13 310797 41 311007 15 311504 39 311711 17 312211 37 312415 18 312920 33 313119 17 313631 27 313823 16 314339 24 314527 15 315045 24 315232 13 315750 24 315936 13 316456 25 316640 14 317163 26 317344 15 317869 27 318048 16 318576 26 318752 17 319281 27 319456 17 319987 26 320160 16 320695 24 320864 16 321401 25 321568 15 322107 26 322272 14 322813 26 322976 15 323521 26 323680 16 324228 25 324384 17 324934 25 325088 17 325640 25 325792 18 326347 23 326496 18 327053 23 327199 18 327759 24 327903 18 328464 25 328607 18 329170 25 329311 18 329876 26 330014 19 330583 25 330716 21 331289 25 331419 22 331995 24 332122 24 332702 22 332825 25 333409 21 333527 27 334116 21 334229 29 334822 22 334931 30 335528 24 335633 32 336233 25 336335 34 336940 24 337036 37 337648 23 337728 49 338355 23 338429 52 339061 23 339131 54 339767 22 339834 56 340473 23 340536 58 341179 24 341234 64 341885 26 341933 69 342590 27 342634 73 343297 27 343336 43 343391 19 344004 31 344038 42 344097 17 344711 72 344803 15 345417 68 345508 14 346123 64 346213 13 346829 57 346918 12 347535 50 347624 10 348241 45 348329 10 348946 42 349034 9 349651 37 349739 7 350356 30 350444 6 351061 25 351149 4 351766 22 351855 2 352471 20 353175 19 353880 17 354585 16 355290 14 355994 13 356699 11 357403 7 358107 3 358811 2
d8bfd1dafdc4,267164 4 267858 14 268561 15 269265 14 269970 11 270674 10 271378 11 272081 11 272784 12 273487 11 274191 9 274894 8 275598 7 276300 8 277003 9 277705 10 278408 10 279111 10 279749 1 279815 9 280453 3 280518 9 281156 5 281220 10 281860 6 281923 11 282565 6 282626 11 283269 6 283329 12 283973 7 284032 13 284677 10 284734 13 285382 10 285437 12 286088 9 286139 14 286793 8 286841 15 287498 9 287544 16 288203 10 288247 16 288909 9 288949 17 289614 9 289652 17 290320 9 290355 17 291025 10 291058 17 291730 12 291760 18 292434 16 292463 18 293140 16 293165 19 293845 17 293867 20 294550 39 295257 34 295962 32 296668 27 297374 23 298079 20 298784 14 299489 10
d8bfd1dafdc4,18793 11 19492 20 20197 18 20901 17 21605 17 22310 16 23014 16 23719 15 24424 14 25128 14 25833 12 26537 12 27241 12 27945 12 28649 13 29353 13 30057 13 30761 13 31465 14 32169 14 32752 1 32874 13 33455 2 33578 13 34159 3 34282 13 34862 7 34986 14 35566 8 35690 14 36270 11 36394 14 36974 15 37098 14 37679 15 37802 15 38393 5 38505 16 39098 4 39209 16 39803 3 39912 17 40507 3 40616 17 41212 2 41319 19 41916 2 42023 19 42621 1 42726 20 43429 21 44131 23 44834 24 45442 2 45537 25 46145 4 46240 26 46849 5 46942 28 47553 6 47645 29 48257 9 48348 30 48962 9 49048 34 49666 9 49749 36 50371 9 50451 39 51076 8 51147 47 51781 8 51847 52 52486 8 52543 60 53190 9 53243 64 53894 9 53939 72 54597 10 54641 49 54698 17 55301 11 55344 39 55405 14 56006 12 56038 46 56111 13 56710 16 56737 43 56816 14 57415 64 57521 15 58119 57 58227 13 58822 55 58933 11 59526 48 59638 10 60230 44 60343 9 60934 40 61049 9 61638 34 61754 10 62342 30 62458 11 63046 28 63163 11 63750 20 63868 10 64454 18 64573 10 65157 17 65278 9 65861 15 65984 7 66565 14 66689 6 67269 13 67395 4 67973 13 68100 2 68677 12 68804 1 69381 12 70084 12 70788 11 71491 12 72194 12 72897 13 73601 13 74305 12 75010 11 75714 10 76417 11 77121 11 77824 12 78528 12 79232 12 79936 12 80640 11 81344 11 82048 11 82752 11 83456 11 84160 11 84865 10 85569 10 86274 9 86978 8 87682 8 88386 8
d8bfd1dafdc4,176224 2 176928 2 177631 4 178335 4 179039 5 179742 6 180446 6 181150 7 181854 7 182558 7 183261 9 183965 9 184669 9 185373 9 186077 10 186781 10 187485 10 188188 12 188892 12 189596 12 190300 13 191003 14 191707 14 192411 15 193115 15 193818 16 194522 17 195226 17 195930 18 196633 19 197337 20 198040 21 198744 22 199448 22 200151 23 200855 24 201559 24 202263 25 202966 27 203670 27 204374 28 205077 30 205781 31 206484 32 207188 33 207891 35 208594 37 209298 38 210001 39 210704 41 211408 40 212111 37 212815 37 213518 36 214221 25 214251 6 214925 14 215629 13 216333 11 217037 7
d8bfd1dafdc4,227118 5 227821 6 228525 7 229229 7 229932 8 230636 9 231339 11 232042 13 232745 14 233447 17 234150 19 234854 20 235556 23 236259 24 236962 25 237664 27 238366 29 239068 30 239771 29 240474 29 241177 29 241879 30 242583 27 243286 27 243988 27 244691 26 245395 24 246097 24 246800 24 247503 18 248206 16 248909 15 249612 14 250316 12 251019 11 251722 11 252425 10 253129 9 253832 9 254535 9 255239 8 255943 7 256646 7 257350 6 258054 5 258759 3 259463 2
d8bfd1dafdc4,51960 13 52662 17 53366 17 54071 16 54775 17 55479 16 56183 16 56218 2 56887 16 56919 7 57591 16 57622 10 58294 17 58325 11 58998 17 59029 12 59702 17 59733 12 60405 18 60437 13 61108 20 61141 13 61812 20 61845 13 62515 22 62548 15 63219 22 63251 16 63922 24 63954 17 64625 26 64658 17 65328 30 65361 18 66032 52 66735 53 67439 53 68142 55 68845 58 69549 58 70252 59 70956 59 71660 59 72364 59 73068 59 73772 59 74476 59 75180 59 75885 58 76590 56 77294 56 77999 54 78703 53 79407 53 80111 52 80815 51 81519 50 82223 49 82928 47 83633 45 84337 45 85041 44 85745 43 86449 42 87153 41 87857 41 88562 39 89266 38 89971 36 90675 35 91379 34 92083 34 92787 33 93490 33 94194 32 94899 31 95604 29 96309 28 97013 28 97718 26 98422 26 99126 25 99830 25 100535 23 101239 23 101943 22 102647 22 103353 19 104058 18 104762 17 105467 15 106173 13 106878 11 107583 9 108289 5
d8bfd1dafdc4,326282 5 326986 6 327691 6 328395 6 329100 6 329804 7 330509 6 331214 6 331918 7 332623 6 333327 6 334031 6 334736 6 334756 2 335440 7 335456 8 336144 24 336849 23 337553 22 338257 21 338961 18 339665 14 340368 13 341072 10 341776 9 342479 7 343183 7 343886 7 344590 7 345294 6 345997 6 346700 7 347404 7 348107 7 348811 7 349514 7 350218 7 350922 6 351625 7 351672 3 352328 7 352375 4 353032 7 353079 5 353736 6 353782 5 354439 7 354485 6 355143 6 355188 6 355846 7 355891 5 356550 6 356594 6 357253 7 357291 2 357294 10 357957 6 357991 1 357994 13 358660 6 358691 20 359364 6 359394 21 360068 6 360096 22 360771 6 360795 3 360800 2 360803 19 361474 8 361495 2 361499 3 361504 2 361508 3 361512 3 361517 1 361524 3 362178 8 362200 1 362204 1 362229 2 362881 11 362934 1 363584 9 363638 3 364289 6 364342 4
d8bfd1dafdc4,84207 6 84906 12 85608 14 86307 19 87009 21 87712 18 88414 17 89115 18 89816 18 90519 16 91220 17 91922 17 92624 16 93323 18 94024 19 94722 24 95422 24 96118 29 96818 30 97519 30 98221 26 98923 22 99625 20 100328 17 101031 15 101733 14 102436 11 103139 10 103842 10 104545 9 105246 11 105949 10 106651 10 107354 10 108056 11 108759 11 109462 11 110165 10 110868 9 111571 9 112274 9 112976 9 113679 9 114382 9 115084 11 115787 11 116490 10 117193 10 117896 11 118597 13 119300 13 120002 13 120704 14 121407 15 122108 17 122813 13 123519 8
d8bfd1dafdc4,54344 5 55048 5 55752 5 56456 6 57160 6 57864 7 58568 7 59272 7 59976 8 60681 7 61385 7 62089 7 62793 8 63497 8 64202 7 64906 7 65610 8 66313 9 67017 9 67721 9 68425 9 69129 10 69833 10 70537 10 71240 12 71944 12 72648 12 73352 1 73355 10 74056 1 74059 10 74759 2 74763 10 75463 2 75467 10 76167 15 76871 15 77575 15 78279 16 78983 16 79688 1 79691 12 80395 12 81099 12 81803 12 82507 12 83211 13 83916 12 84620 12 85325 12 86030 11 86735 10 87440 10 88145 9 88849 10 89553 10 90257 10 90962 10 91666 10 92371 9 93075 9 93780 9 94484 10 95189 10 95894 9 96599 9 97304 8 98009 7 98713 7 99418 7 100123 7 100827 8 101531 9 102235 9 102939 10 103643 11 104348 11 105052 12 105756 13 106460 14 107164 15 107868 16 108572 17 109276 19 109981 19 110686 19 111391 19 112096 20 112802 19 113507 20 114211 22 114916 21 115621 21 116327 20 117032 20 117738 20 118444 20 119149 21 119853 22 120558 22 121263 22 121968 21 122676 13
d8bfd1dafdc4,262809 16 263512 19 264215 21 264918 22 265621 24 266325 24 267029 24 267733 24 268437 24 269141 24 269845 24 270549 24 271253 24 271957 24 272661 24 273365 24 274070 23 274774 23 275479 22 276183 22 276888 21 277593 20 278299 18 279006 14 279713 11 280418 9 281123 7 281828 5
d8bfd1dafdc4,58434 4 59137 7 59841 9 60545 11 61249 13 61953 15 62657 17 63361 18 64065 20 64769 21 65473 22 66177 22 66881 23 67585 24 68289 25 68993 26 69697 27 70401 28 71105 28 71809 29 72514 28 73219 26 73925 23 74631 13
d8bfd1dafdc4,288189 6 288892 8 289594 11 290297 13 291000 14 291704 15 292408 16 293111 17 293815 17 294519 18 295223 19 295927 19 296631 20 297335 20 298039 21 298743 22 299447 23 300152 22 300856 24 301560 26 302264 35 302968 36 303672 36 304377 35 305081 35 305785 35 306490 34 307194 34 307898 34 308603 33 309307 33 310011 33 310715 33 311419 33 312123 33 312828 31 313532 30 314236 29 314940 28 315644 28 316348 26 317052 25 317756 24 318460 24 319164 23 319868 23 320572 22 321276 21 321980 21 322684 20 323389 19 324093 18 324797 18 325501 18 326206 17 326910 16 327615 15 328319 15 329024 14 329728 13 330433 12 331137 12 331841 12 332546 10 333250 10 333955 9 334659 9 335363 9 336067 9 336771 9 337475 9 338179 9 338884 8 339588 8 340292 8 340996 7 341703 3
d8bfd1dafdc4,288730 2 289433 3 290136 4 290839 5 291541 7 292243 8 292946 6 293649 6 294352 7 295055 8 295758 9 296461 9 297164 9 297868 8 298537 1 298572 7 299240 2 299275 7 299977 8 300646 2 300679 10 301350 4 301382 10 302055 4 302085 11 302747 3 302789 11 303448 8 303494 10 304151 9 304197 10 304855 9 304900 10 305558 10 305571 1 305604 10 306259 15 306307 12 306962 16 307010 18 307666 17 307713 18 308370 18 308417 15 309073 18 309120 19 309776 18 309825 19 310480 18 310528 20 311184 19 311232 20 311888 19 311935 21 312592 20 312638 22 313296 20 313340 24 314000 20 314043 25 314704 21 314745 28 315408 21 315446 31 316112 22 316144 38 316818 20 316840 46 317521 70 318224 71 318928 72 319633 71 320337 71 321041 71 321746 69 322450 69 323155 68 323859 67 324564 64 325269 62 325974 60 326680 57 327387 52 328094 47 328801 42 329508 37 330213 34 330918 31 331623 28 332340 1
d8bfd1dafdc4,343775 2 344476 6 345175 13 345879 14 346582 17 347286 20 347989 22 348693 23 349396 25 350100 25 350804 26 351508 26 352211 27 352915 27 353618 7 353632 14 354322 5 354339 12 355025 6 355044 11 355729 5 355750 10 356433 4 356455 9 357137 4 357161 8 357841 3 357866 8 358545 3 358571 8 359250 1 359276 7 359981 7 360685 8 361390 7 362095 7 362800 6 363505 6 364210 5 364915 4
d8bfd1dafdc4,254149 14 254852 16 255556 17 256260 19 256964 21 257669 21 258373 21 259078 21 259783 21 260489 19 261193 20 261898 20 262603 20 263308 19 264012 19 264716 20 265421 19 266125 20 266830 20 267535 19 268239 20 268944 20 269649 20 270354 20 271059 21 271764 21 272468 22 273173 22 273877 28 274582 32 275286 34 275991 34 276695 37 277399 41 278104 48 278808 49 279513 49 280217 50 280921 51 281625 52 282329 52 283034 52 283738 51 284443 49 285148 48 285854 45 286559 44 287263 43 287967 42 288672 40 289376 39 290082 36 290788 32 291494 28 292199 26 292906 22 293614 17 294324 9
d8bfd1dafdc4,1057 8 7396 1 8101 1 8134 1 11623 1 12328 1 13032 1 13736 1 14441 1 15145 1 15849 1
d8bfd1dafdc4,47474 6 48176 10 48880 10 49584 12 50288 13 50992 14 51696 14 52400 15 53104 15 53808 15 54512 15 55216 15 55920 15 56624 15 57328 15 58032 14 58736 13 59440 13 60143 12 60847 11 61551 10 62254 11 62958 9 63662 8 64366 8 65069 8 65773 7 66476 8 67180 7 67883 8 68587 7 69290 8 69993 8 70697 8 71400 8 72103 9 72807 8 73510 9 74213 9 74917 9 75620 9 76324 9 77027 10 77731 9 78434 10 79137 10 79840 11 80544 10 81247 11 81951 11 82654 11 83358 11 84061 12 84765 11 85469 11 86173 10 86876 11 87580 11 88284 11 88988 10 89692 10 90395 11 91099 11 91803 10 92507 10 93210 10 93914 10 94618 10 95322 9 96026 9 96730 8 97433 9 98137 8 98841 8 99544 9 100248 9 100952 9 101656 9 102360 8 103063 9 103767 8 104471 8 105174 9 105878 9 106582 9 107285 11 107989 10 108693 10 109396 11 110100 11 110804 11 111508 11 112211 12 112915 12 113618 13 114321 13 115025 12 115729 12 116433 11 117137 11 117840 11 118545 9 119250 7 119955 5
d8bfd1dafdc4,302950 7 303651 13 304353 1 304355 15 305056 20 305758 23 306460 27 307163 29 307867 29 308569 33 309273 33 309977 34 310681 34 311385 34 312089 34 312794 33 313498 33 314202 33 314907 32 315611 32 316315 33 317019 33 317724 32 318428 32 319132 31 319836 32 320540 32 321244 32 321948 32 322652 32 323357 31 324061 31 324765 31 325469 31 326173 32 326877 32 327581 1 327583 30 328285 32 328990 31 329695 30 330400 29 331105 28 331810 27 332514 27 333219 26 333923 26 334629 24 335334 24 336039 23 336744 22 337449 21 338154 20 338859 19 339563 19 340268 17 340974 15 341678 15 342383 14 343087 13 343792 12 344497 11 345202 10 345906 9 346611 8 347316 7
d8bfd1dafdc4,2819 4 3522 6 4226 7 4930 7 5635 7 6339 7 7044 6 7749 5 8454 4 9159 4 9864 3 10568 3 11273 3 11977 3 12682 2 13387 2 14091 2 16898 1 17602 2 18306 2 19010 3 19714 4 20418 4 21122 4 21826 5 22530 6 23234 6 23938 6 24642 7 25346 7 26050 7 26754 8 27458 8 28162 8 28866 9 29570 9 30274 9 30978 10 31682 10 32387 9 33091 10 33795 11 34500 10 35205 10 35911 9 36617 8 37322 7 38027 7 38732 6 39437 5 40142 4
d8bfd1dafdc4,1595 1 2282 52 2335 3 2986 57 3690 37 3738 13 4394 35 4444 15 5099 30 5154 4 5159 4 5804 27 5865 1 6508 25 7213 22 7917 20 8621 19 9325 18 10029 16 10733 14 11437 14 12142 12 12846 12 13550 11 14254 11 14958 10 15662 10 16366 9 17070 9 17774 9 18478 8 19182 8 19886 8 20589 8 21293 8 21997 8 22701 8 23404 8 24108 8 24812 8 25516 7 26220 7 26923 8 27627 8 28331 8 29035 7 29739 7 30442 8 31146 8 31849 9 32554 7 33258 7 33962 7 34665 7 35369 7 36072 8 36776 8 37480 7 38184 7 38888 7 39592 7 40296 7 41000 7 41704 7 42408 7 43112 7 43816 7 44520 6 45224 6 45928 6 46632 6 47336 5 48040 5 48744 5 49448 5 50152 5 50856 4 51559 5 52263 5 52967 5 53671 5 54376 4 55080 4 55784 4 56488 3 57192 2
d8bfd1dafdc4,123198 2 123901 3 124603 5 125305 7 126008 8 126710 7 127412 8 128115 7 128817 8 129521 6 130224 6 130925 7 131628 7 132329 9 133031 9 133734 8 134436 9 135139 8 135841 8 136543 9 137246 9 137948 10 138650 10 139353 10 140056 10 140757 11 141460 11 142163 10 142865 11 143568 11 144271 10 144973 11 145676 11 146379 10 147080 13 147783 12 148486 12 149189 12 149892 12 150596 11 151300 10 152004 9 152708 8 153413 6
d8bfd1dafdc4,216217 6 216921 6 217624 8 218327 9 219030 10 219733 11 220400 2 220437 11 221103 6 221140 12 221805 1 221807 7 221843 12 222509 10 222545 13 223212 12 223248 12 223916 13 223951 12 224620 15 224653 13 225324 17 225355 15 226028 45 226732 44 227436 43 228140 42 228844 42 229548 41 230252 41 230956 41 231660 41 232364 40 233068 39 233772 38 234476 37 235180 37 235884 36 236588 35 237292 34 237996 33 238700 31 239404 28 240108 26 240812 23 241516 22 242220 21 242925 18 243629 18 244333 17 245037 17 245741 16 246446 15 247151 13 247855 13 248560 12 249264 12 249968 12 250673 10 251378 9 252084 7 252792 2
d8bfd1dafdc4,155055 1 155759 1 156456 8 157160 7 157864 5 158568 4 159264 3 159272 4 159968 4 159976 4 160673 3 161377 3 162081 2 162088 1 162785 2 162792 1 163488 4 164187 2 164191 5 164889 13 165592 14 166296 13 166999 14 167702 14 168405 14 169108 15 169811 16 170514 17 171218 17 171921 18 172624 18 173328 13 174031 13 174734 13 175438 12 176141 12 176845 11 177548 11 178252 10 178955 10 178986 2 179659 9 179690 7 180362 10 180395 6 181065 10 181099 6 181769 10 181803 7 182473 9 182508 6 183176 9 183214 4 183879 9 183919 3 184583 9 184623 3 185286 9 185327 2 185989 9 186693 8 187396 8 188100 8 188803 8 189507 7 190210 7 190913 8 191617 7 192322 5
d8bfd1dafdc4,229228 1 229940 1 230635 1 230645 1 231337 2 231350 2 232039 3 232055 2 232742 3 232759 3 233445 2 233464 3 234149 1 234169 2 234852 2 234874 2 235555 1 235579 1 236257 2 236283 1 236959 3 236987 1 237662 2 237691 1 238365 1 240473 1 241176 1 242582 1 242610 1 243285 1 246799 1 247502 1 247521 1 250314 2 250328 1 251018 1 251030 1 251721 1 254544 1 255247 1 255942 1 255950 2 256653 3 257356 3 258053 1 258059 3 258757 2 258762 3 259461 2 259465 4 260165 7 260869 7 261573 7 262276 7 262980 7 263684 7 264388 7 265092 6 265796 6 266500 6 267204 6 267908 5 268611 6 269315 5 270019 5 270723 5 271427 4 272131 4 272834 5 273538 5 274242 5 274946 5 275650 5 276354 4 277058 4 277762 3 278465 4 279169 3 279873 3 280577 3 281281 3 281985 3 282689 3 283393 3 284096 4 284800 3 285504 4 286208 4 286911 5 287615 5 288319 5 289023 5 289727 4 290431 4 291135 4 291839 4 292543 3 293247 3 293953 1
d8bfd1dafdc4,20597 1 21301 1 22005 1 23412 1 24116 1 25523 1 26227 1 33961 1 34672 1 47341 1 50860 1 52268 1 52972 1 53676 1 54375 1 55079 1 55783 1 56487 1 57191 1 57194 1 57896 2
d8bfd1dafdc4,209877 6 210582 11 211286 18 211991 23 212696 26 213401 28 214106 29 214812 28 215517 29 216224 27 216931 26 217636 26 218343 25 219049 25 219758 22 220465 21 221172 21 221879 19 222585 20 223293 18 223999 19 224707 17 225415 15 226123 14 226830 13 227537 12 228244 10 228951 7 229658 3
d8bfd1dafdc4,253985 4 254688 7 255392 7 256096 7 256800 7 257504 7 258208 8 258912 8 259616 7 260320 7 261024 7 261728 7 262432 7 263136 7 263840 7 264544 7 265248 7 265953 6 266657 6 267361 6 268064 7 268768 7 269472 7 270176 7 270880 7 271584 4 272288 3 272992 2 273696 2 274400 2 275104 2 275808 2 276512 2 277216 2 277920 2 278624 2 279328 1 280032 1 280736 1 281440 1 282144 1 282848 1 283552 1 284256 1 284960 1 285664 1 286368 1 287072 1 287776 1 288480 1 289184 1 289888 1 290592 1 291296 1 292000 1 292704 1 293408 1 294111 2 294815 2 295519 2 296223 2 296927 1 299743 1 300447 1 301151 2 301855 2 302559 2 303263 1 303967 1 304671 1 306783 1 307487 1 308191 1 308895 1 309598 2 310302 2 311006 1 311710 1 312414 1 313118 1 313822 1 315231 1 315934 2 316638 2 317342 2 318046 2 318750 2 319454 2 320158 2 320862 2 321566 2 322270 2 322974 2 323678 2 324382 2 325086 2 325790 2 326494 2 327198 1 327902 1 328606 1 329309 2 330013 1 349746 1 350443 1 350450 2 351086 1 351148 1 351153 3 351852 3 351857 3 352557 8 353262 8 353967 8 354671 8 355376 7 356081 7 356786 6 357491 5 358195 6 358900 6 359604 6 360308 6 361013 5 361717 6 362422 5 363127 4 363832 2
7ae19de7bc2a,978 5 1682 8 2386 10 3091 13 3796 15 4501 16 5205 18 5910 19 6615 19 7319 21 8024 22 8728 23 9433 22 10137 23 10842 22 11547 21 12251 21 12956 20 13661 18 14366 17 15070 17 15774 17 16479 16 17183 16 17888 15 18593 14 19298 13 20002 13 20707 12 21412 10 22116 10 22821 8 23526 6 24230 5 24935 3
7ae19de7bc2a,140001 17 140705 21 141409 22 142113 22 142817 22 143521 22 144226 21 144930 21 145634 21 146338 20 147042 20 147746 19 148450 19 149154 18 149859 17 150563 16 151267 16 151972 15 152676 15 153381 13 154086 12 154791 10 155496 7
7ae19de7bc2a,178917 7 179620 8 180323 10 181026 11 181730 12 182434 12 183138 12 183842 12 184546 12 185250 12 185954 12 186658 12 187362 12 188066 12 188770 12 189474 11 190178 10 190882 10 191586 9 192290 7 192994 7 193699 4 194403 3
7ae19de7bc2a,355112 7 355815 9 356517 11 357220 12 357923 13 358625 15 359329 15 360033 15 360737 14 361441 14 362145 13 362849 12 363554 11 364258 10 364963 8 365667 8
7ae19de7bc2a,181812 5 182515 7 183219 8 183923 8 184627 9 185331 10 186035 11 186739 12 187444 12 188148 13 188853 13 189557 14 190262 14 190966 15 191670 15 192375 14 193079 14 193783 14 194487 14 195192 13 195896 13 196601 12 197305 12 198010 11 198714 11 199419 10 200123 10 200828 9 201533 7 202238 5 202944 3
7ae19de7bc2a,208663 11 209367 11 210070 12 210774 12 211477 13 212181 13 212885 13 213589 13 214293 13 214997 12 215702 10 216406 9
7ae19de7bc2a,146708 7 147412 10 148116 12 148820 14 149524 16 150228 17 150932 20 151636 22 152340 24 153045 24 153750 25 154456 25 155162 25 155867 25 156573 25 157280 23 157988 19 158695 16 159405 10 160114 5
7ae19de7bc2a,74420 4 75121 8 75823 10 76525 11 77226 12 77927 14 78629 15 79330 16 80032 17 80734 18 81436 20 82140 19 82843 19 83547 18 84252 17 84956 16 85660 16 86365 14 87070 13 87774 12 88479 11 89184 10 89889 9 90594 7 91300 5 92005 2
7ae19de7bc2a,1151 8 1854 10 2558 11 3262 11 3966 12 4670 12 5374 12 6078 12 6782 12 7486 12 8191 11 8895 11 9600 10 10304 10 11009 8
7ae19de7bc2a,224979 16 225679 20 226380 23 227082 25 227784 27 228488 27 229191 26 229895 24 230600 21 231304 19 232010 15
7ae19de7bc2a,231736 5 232440 7 233145 7 233850 7 234556 7 235261 8 235966 9 236670 11 237375 11 238080 12 238784 14 239489 15 240193 16 240898 16 241602 17 242307 17 243012 18 243717 18 244421 19 245126 19 245831 18 246530 2 246533 20 247234 22 247938 21 248643 19 249349 17 250056 1 250065 6 250771 5 251476 5 252180 5 252885 4 253590 4 254294 4 254996 7 255699 8 256402 9 257106 9
7ae19de7bc2a,279259 6 279963 16 280667 19 281371 22 282075 23 282780 24 283486 23 284192 22 284898 21 285603 21 286310 20 287017 18 287723 18 288430 16 289136 15 289842 13 290548 12 291253 11 291959 10 292664 8 293370 6 294075 5
7ae19de7bc2a,180304 5 181007 7 181711 7 182414 9 183118 9 183821 11 184525 11 185229 11 185933 12 186637 12 187341 12 188045 13 188749 13 189453 13 190157 13 190862 12 191567 11 192272 10 192977 9 193682 8 194386 8 195091 7 195797 5
7ae19de7bc2a,26627 15 27328 19 28030 21 28733 22 29436 23 30139 24 30843 24 31547 24 32251 24 32955 24 33659 23 34364 22 35069 19 35773 16 36478 13 37183 10
7ae19de7bc2a,263216 8 263920 11 264624 16 265329 18 266034 19 266739 19 267444 20 268150 19 268855 19 269561 18 270267 17 270972 16 271678 14 272384 12
7ae19de7bc2a,148229 3 148930 8 149633 9 150336 11 151038 13 151741 15 152444 17 153147 18 153851 19 154554 20 155258 20 155962 20 156666 21 157370 21 158075 20 158779 20 159484 19 160188 19 160893 18 161598 17 162304 15 163009 14 163714 13 164420 11 165126 8 165832 5
7ae19de7bc2a,139541 4 140244 6 140948 7 141652 8 142356 8 143060 9 143764 9 144468 9 145172 10 145876 10 146580 11 147284 11 147988 11 148693 10 149397 10 150102 9 150806 9 151511 8 152216 7 152921 6 153626 4
7ae19de7bc2a,95011 1 95714 4 96417 6 97121 7 97825 7 98529 8 99233 9 99937 9 100641 10 101345 10 102049 10 102753 11 103457 11 104161 12 104865 12 105569 12 106273 12 106977 12 107682 11 108386 11 109090 11 109795 10 110499 10 111204 8 111908 8 112613 7 113317 6 114022 5
7ae19de7bc2a,328592 1 329295 3 329999 3 330704 3 331408 3 332112 3 332816 4 333520 4 334224 4 334928 5 335632 5 336335 7 337039 7 337743 8 338447 9 339151 9 339855 10 340559 10 341262 12 341966 13 342670 13 343374 14 344078 15 344782 18 345486 19 346190 19 346893 21 347597 22 348301 22 349005 22 349709 22 350413 21 351117 21 351822 20 352526 20 353230 20 353934 20 354639 20 355343 20 356048 19 356752 19 357457 18 358162 17 358866 17 359571 16 360276 15 360981 13 361685 13 362391 11 363095 11 363800 10 364505 9 365210 8 365916 6
7ae19de7bc2a,177345 14 178043 21 178745 24 179449 24 180153 24 180857 24 181561 23 182265 23 182969 23 183673 22 184377 21 185081 20 185785 19 186490 17 187194 16 187898 15 188602 14 189306 12 190010 12 190714 11 191418 10 192123 8 192827 7
7ae19de7bc2a,289242 10 289941 18 290644 20 291348 21 292052 21 292756 20 293460 21 294166 18 294873 15 295581 10
7ae19de7bc2a,317495 4 318196 11 318897 15 319598 19 320300 21 321001 24 321704 25 322406 27 323109 28 323811 29 324514 30 325216 30 325919 29 326622 24 327326 19 328030 12 328734 7
7ae19de7bc2a,225620 8 226323 11 227027 12 227730 14 228434 15 229138 16 229842 17 230546 18 231250 18 231954 19 232659 18 233364 17 234069 16 234776 13 235481 12 236187 10 236892 9 237598 7 238304 4
7ae19de7bc2a,144278 8 144975 23 145679 26 146383 26 147087 26 147791 26 148495 26 149200 24 149905 22 150611 18 151320 9
7ae19de7bc2a,111245 8 111947 9 112649 11 113352 11 114054 12 114757 12 115460 13 116162 14 116866 14 117570 14 118274 15 118978 16 119682 16 120386 17 121090 18 121794 19 122498 19 123202 19 123907 17 124614 13 125321 1
7ae19de7bc2a,254452 3 255155 8 255858 11 256562 14 257266 17 257970 19 258675 19 259380 20 260085 21 260791 20 261496 20 262202 18 262908 16 263614 12
7ae19de7bc2a,133515 14 134219 15 134923 15 135627 15 136331 15 137036 14 137741 13 138446 12 139151 11 139856 10 140561 9 141266 8
7ae19de7bc2a,65523 7 66227 7 66930 8 67634 8 68337 9 69041 10 69745 10 70448 11 71152 11 71856 11 72560 10 73264 10 73968 9 74672 8 75376 6 76081 3
7ae19de7bc2a,36002 3 36704 5 37407 6 38109 8 38812 9 39516 8 40220 8 40923 9 41627 9 42331 9 43035 9 43739 9 44443 9 45147 9 45850 11 46554 11 47257 12 47961 12 48665 12 49369 12 50073 12 50777 12 51481 11
7ae19de7bc2a,2670 2 3367 16 4069 18 4771 22 5473 24 6177 24 6882 23 7587 22 8292 19 8997 16 9705 7
7ae19de7bc2a,75687 8 76391 9 77095 10 77798 12 78502 12 79205 13 79909 14 80613 14 81316 15 82020 15 82723 15 83427 15 84130 15 84834 15 85538 14 86241 14 86944 14 87648 13 88351 14 89055 13 89759 12 90463 11 91167 10 91871 9 92576 7 93282 4
7ae19de7bc2a,45156 1 47269 1 47973 1 48677 1 49381 1 50085 1 52187 7
7ae19de7bc2a,60606 4 61309 6 62012 8 62715 10 63419 11 64122 13 64825 16 65530 17 66234 17 66938 17 67642 17 68346 17 69051 15 69755 14 70459 13 71163 11 71867 10 72570 10 73275 8 73979 6
7ae19de7bc2a,34773 7 35476 12 36178 18 36881 19 37583 21 38286 22 38990 22 39694 22 40397 20 41101 17 41805 15 42509 13 43213 12 43916 12 44621 10 45325 9 46029 7
7ae19de7bc2a,110118 3 110821 7 111524 10 112228 12 112932 13 113636 14 114339 17 115043 18 115747 19 116451 20 117156 21 117860 23 118564 24 119269 24 119975 22 120687 13
7ae19de7bc2a,324081 9 324784 12 325488 13 326192 14 326896 15 327600 16 328305 15 329009 16 329714 16 330419 16 331124 16 331830 15 332535 14 333241 13 333947 12 334653 11 335359 9 336065 7 336771 5 337477 3
7ae19de7bc2a,49537 6 50240 8 50944 9 51648 10 52352 12 53056 13 53760 13 54464 14 55168 15 55873 15 56577 15 57282 14 57987 13 58691 13 59396 10
7ae19de7bc2a,115570 7 116273 9 116976 11 117680 11 118384 12 119088 12 119792 12 120496 12 121200 12 121904 12 122608 12 123312 12 124016 11 124721 8 125425 7
7ae19de7bc2a,46201 7 46902 10 47604 12 48305 15 49008 15 49710 17 50413 17 51116 18 51820 17 52524 16 53228 15 53932 15 54637 13 55342 11 56047 10 56753 6
7ae19de7bc2a,154892 3 155594 6 156296 8 156998 10 157699 13 158402 13 159106 12 159810 11 160514 10 161218 9 161922 8 162626 6 163330 5 164034 4 164738 3 165442 2 166146 1
7ae19de7bc2a,107133 8 107837 10 108540 12 109244 12 109948 12 110652 12 111357 11 112061 11 112766 10 113471 8 114176 6 114881 3
7ae19de7bc2a,752 5 765 12 1456 25 2160 25 2864 25 3568 24 4273 23 4977 22 5681 21 6385 20 7090 17 7796 13 8503 8 9207 6 9911 4 10615 3 11319 1
7ae19de7bc2a,264591 5 265294 8 265997 11 266700 13 267403 16 268107 18 268811 19 269515 20 270220 21 270924 22 271628 23 272333 22 273037 22 273741 22 274447 19
7ae19de7bc2a,60100 6 60803 8 61506 10 62209 11 62913 12 63617 12 64321 13 65025 13 65729 14 66433 14 67137 15 67842 15 68547 14 69253 13 69959 12 70665 10 71371 8 72077 6
7ae19de7bc2a,342467 1 343169 4 343872 6 344576 6 345278 8 345981 8 346683 10 347386 11 348089 12 348791 13 349494 14 350197 15 350900 15 351604 15 352306 16 353010 16 353713 16 354417 15 355121 15 355824 16 356528 14 357232 12 357936 10 358640 9 359344 8 360048 8 360752 7 361457 6 362162 4
7ae19de7bc2a,110319 4 111015 13 111715 17 112416 20 113119 21 113823 20 114527 20 115231 19 115935 19 116639 18 117344 17 118048 16 118752 16 119457 14 120163 11 120868 10 121572 9 122277 8 122985 2
7ae19de7bc2a,195985 4 196689 5 197393 7 198097 9 198801 12 199505 15 200210 16 200915 17 201620 18 202324 19 203029 19 203733 20 204437 20 205142 19 205846 19 206551 17 207256 16 207962 12
7ae19de7bc2a,1224 12 1927 13 2631 14 3335 14 4039 15 4743 15 5448 15 6152 15 6857 14 7562 14 8266 14 8971 13 9676 13 10381 12 11086 11 11792 10 12497 9 13202 8 13907 7 14612 6
7ae19de7bc2a,40670 9 41370 17 42073 19 42777 21 43482 22 44186 23 44891 23 45596 22 46304 18 47016 10
7ae19de7bc2a,90293 10 90997 11 91700 14 92404 15 93108 17 93812 18 94516 18 95220 18 95923 18 96627 17 97331 16 98035 15 98739 13 99443 10 100147 9 100852 6
7ae19de7bc2a,14023 3 14721 15 15421 22 16123 26 16827 26 17532 26 18236 25 18940 24 19644 23 20349 19 21054 16 21759 13
7ae19de7bc2a,1208 8 1902 1 1906 15 2605 2 2608 17 3309 20 4012 21 4716 22 5420 22 6124 22 6828 22 7533 21 8238 20 8943 19 9648 18 10354 16 11060 14 11766 12 12471 10 13176 9 13881 7
7ae19de7bc2a,199789 3 200493 3 201196 5 201899 7 202602 8 203304 11 204006 13 204708 16 205412 16 206116 16 206819 17 207524 16 208228 16 208933 14 209638 10 210343 6
7ae19de7bc2a,118399 5 119102 8 119805 9 120509 11 121212 14 121916 15 122620 17 123325 17 124030 18 124735 18 125440 17 126145 16 126850 15 127555 14 128260 13 128966 11 129671 10 130379 5
7ae19de7bc2a,319255 1 319959 3 320663 4 321366 6 322070 7 322774 8 323478 8 324182 8 324885 9 325589 10 326293 10 326997 10 327701 10 328405 10 329109 10 329812 11 330516 10 331220 10 331924 10 332628 10 333333 8 334037 8 334741 8 335446 6
7ae19de7bc2a,298921 1 299624 3 300327 4 301030 5 301734 5 302437 6 303140 7 303844 7 304548 7 305251 8 305955 8 306658 8 307362 8 308066 7 308769 8 309473 7 310176 8 310880 8 311584 7 312287 8 312990 9 313694 8 314398 8 315101 9 315805 8 316508 9 317212 8 317915 9 318619 9 319322 10 320026 9 320729 10 321433 10 322136 10 322840 10 323543 11 324247 10 324950 11 325653 12 326357 12 327060 13 327764 12 328468 12 329171 13 329874 14 330578 14 331282 13 331985 14 332689 14 333393 14 334096 14 334800 14 335504 13 336208 13 336912 13 337615 13 338319 12 339023 12 339727 11 340431 10 341135 10 341839 10
7ae19de7bc2a,172137 6 172839 9 173541 12 174244 13 174947 14 175650 15 176353 16 177057 16 177761 15 178465 15 179169 14 179873 13 180578 11 181282 9 181987 5
7ae19de7bc2a,43698 4 44400 7 45099 12 45795 20 46497 22 47199 23 47901 25 48603 26 49307 25 50011 25 50715 24 51419 23 52125 20
7ae19de7bc2a,215774 1 216469 15 217173 16 217877 18 218581 18 219285 19 219989 19 220693 19 221397 19 222101 19 222805 20 223509 20 224214 19 224919 18 225628 13 226334 11 227039 10 227744 9 228449 8 229154 7 229859 5
7ae19de7bc2a,112441 2 113145 9 113849 9 114552 11 115256 11 115960 12 116664 12 117367 13 118071 13 118775 13 119478 14 120182 14 120885 15 121590 14 122294 14 122998 14 123702 14 124406 14 125110 14 125815 13 126519 12 127224 11 127928 11 128633 10 129337 10 130042 8 130746 8 131451 7 132155 6 132860 5 133566 2
7ae19de7bc2a,221428 5 222132 7 222835 9 223539 11 224243 12 224947 13 225651 14 226356 14 227060 15 227764 16 228468 16 229172 17 229876 18 230580 19 231284 19 231988 19 232692 19 233396 19 234101 16 234805 13 235510 8
7ae19de7bc2a,62831 4 63534 6 64237 8 64940 10 65644 10 66348 10 67052 11 67756 11 68460 11 69164 11 69868 11 70572 11 71276 11 71980 11 72684 11 73389 10 74093 10 74798 9 75502 9 76207 7 76911 7 77615 7 78320 6 79024 5 79728 5 80433 4 81137 4 81841 4 82546 3 83250 3 83955 1
7ae19de7bc2a,131050 13 131751 18 132453 21 133156 21 133858 22 134561 22 135264 21 135966 20 136669 19 137372 17 138075 16 138779 13 139484 10
7ae19de7bc2a,237158 7 237861 10 238565 11 239269 13 239973 15 240677 16 241382 17 242086 18 242791 19 243496 19 244202 18 244906 19 245611 18 246323 10
7ae19de7bc2a,92169 10 92871 13 93574 14 94276 16 94979 17 95683 17 96386 18 97090 18 97794 18 98498 17 99204 15
7ae19de7bc2a,47042 10 47743 14 48444 19 49145 23 49846 26 50548 27 51252 26 51956 25 52660 24 53364 23 54068 22 54772 21 55476 20 56180 19 56884 18 57588 17 58293 15 58998 13 59702 13 60407 11 61112 10 61817 8 62521 7 63226 5
7ae19de7bc2a,346500 17 347202 21 347905 23 348608 24 349312 24 350015 25 350719 25 351422 26 352126 26 352830 26 353534 26 354238 26 354943 25 355647 24 356351 24 357056 23 357760 21 358465 20 359168 19 359872 18 360576 17 361279 17 361981 18 362684 17 363387 16 364089 15 364793 14
7ae19de7bc2a,1277 16 1981 16 2684 17 3386 19 4090 18 4793 19 5497 19 6201 18 6905 17 7609 15 8313 14 9018 12 9723 9
7ae19de7bc2a,195583 1 196287 3 196991 4 197695 5 198399 6 199102 7 199806 8 200509 10 201212 11 201915 13 202617 17 203320 19 204023 21 204726 22 205430 22 206133 22 206837 22 207541 21 208245 21 208950 20 209654 20 210359 19 211063 19 211768 18 212473 17 213178 16 213883 15 214589 14 215294 14 215999 13 216704 12 217410 10 218117 2
7ae19de7bc2a,127447 7 128147 12 128847 1 128849 14 129544 23 130244 27 130947 27 131650 28 132354 28 133058 27 133763 26 134467 25 135172 23 135877 22 136581 21 137286 19 137990 18 138695 16 139399 16 140103 15 140807 14 141511 13 142215 11 142919 10 143623 8 144327 7 145031 6 145734 6 146438 5 147141 6 147845 5 148549 4 149252 3 149956 2
7ae19de7bc2a,306061 10 306763 13 307467 14 308171 15 308875 16 309579 17 310283 18 310988 18 311693 18 312398 19 313104 18 313809 19 314514 20 315220 18 315925 18 316630 17 317335 17 318040 17 318745 16 319450 15 320155 14 320860 13 321566 11 322271 9 322976 7 323682 3
7ae19de7bc2a,28639 6 29341 9 30044 12 30747 16 31451 18 32155 21 32859 23 33563 24 34267 24 34971 24 35676 23 36380 22 37085 18 37791 13
7ae19de7bc2a,115783 4 116487 5 117190 7 117893 9 118597 10 119301 11 120005 12 120710 13 121414 14 122118 15 122823 15 123528 14 124233 14 124937 15 125642 15 126346 16 127051 16 127755 16 128460 16 129166 14 129872 13 130579 10 131286 7
7ae19de7bc2a,143023 13 143726 14 144429 15 145132 16 145834 18 146537 19 147240 20 147943 21 148646 21 149348 23 150051 23 150754 24 151458 23 152167 17 152877 10
7ae19de7bc2a,190114 15 190818 15 191522 16 192226 16 192930 16 193635 15 194339 16 195043 17 195747 17 196452 16 197156 16 197860 16 198564 15 199268 14 199972 13 200676 12 201380 10 202084 7
7ae19de7bc2a,97243 12 97944 16 98646 17 99349 18 100053 18 100757 18 101463 16 102168 14 102874 12 103580 9
7ae19de7bc2a,66120 5 66824 8 67529 9 68234 9 68939 10 69644 11 70348 12 71053 12 71758 12 72462 12 73166 13 73871 13 74575 13 75279 14 75984 13 76688 14 77392 14 78097 13 78801 14 79506 13 80211 12 80916 12 81621 11 82326 10 83031 10 83735 10 84440 10 85144 10 85849 9 86553 10 87258 9 87962 10 88667 9 89371 9 90076 8 90780 8 91484 8 92189 7 92894 6 93598 6 94303 5
7ae19de7bc2a,233614 4 234317 8 235020 11 235724 13 236428 15 237132 17 237836 18 238539 19 239243 20 239947 20 240651 20 241355 20 242058 20 242762 19 243466 17 244170 16 244874 14 245579 11 246284 7
7ae19de7bc2a,96545 11 97255 18 97960 18 98663 19 99367 19 100071 19 100775 18 101479 18 102182 18 102886 17 103589 16 104286 22 104992 17 105697 14
d48ec7815252,64878 6 65581 7 66284 9 66988 9 67691 9 68394 10 69098 10 69801 10 70504 10 71207 11 71910 11 72614 11 73317 11 74019 13 74722 14 75426 14 76128 16 76831 17 77534 17 78237 18 78941 18 79644 19 80347 20 81050 21 81753 22 82457 22 83160 23 83864 22 84567 23 85270 24 85974 24 86677 25 87381 25 88085 25 88788 26 89492 26 90196 26 90900 26 91604 26 92308 27 93011 28 93714 29 94418 29 95122 29 95826 30 96529 31 97233 32 97936 33 98640 34 99343 35 100047 36 100750 38 101454 38 102157 39 102860 39 103564 38 104267 38 104970 37 105672 38 106375 37 107079 36 107783 35 108488 33 109196 28 109901 26 110606 25 111310 24 112014 23 112719 21 113423 21 114127 20 114832 19 115536 18 116240 18 116945 16 117649 16 118354 14 119058 14 119763 13 120470 8
d48ec7815252,269592 1 270294 5 270996 7 271699 8 272403 8 273106 9 273809 9 274512 9 275215 8 275918 8 276621 8 277324 8 278027 8 278730 8 279397 2 279433 8 280100 5 280136 8 280804 7 280840 7 281508 8 281543 8 282213 8 282246 8 282918 8 282949 8 283623 9 283652 9 284328 10 284355 10 285033 10 285058 10 285739 10 285761 11 286444 11 286463 13 287149 13 287163 17 287854 30 288560 28 289265 26 289970 25 290675 24 291380 23 292085 22 292789 21 293493 21 294197 21 294901 20 295604 21 296308 21 297011 22 297713 24 298416 25 299118 26 299821 5 299829 19 300524 5 300534 18 301228 3 301238 18 301930 5 301942 18 302633 4 302646 10 302657 8 303337 4 303350 7 303363 6 304042 1 304053 6 304067 7 304757 4 304771 8 305461 4 305477 6 306164 4 306182 6 306868 4 306887 5 307572 3 307591 6 308275 3 308296 5 308978 3 309002 2
d48ec7815252,246539 10 247241 14 247944 16 248647 18 249350 20 250054 20 250757 22 251461 22 252164 24 252868 24 253572 24 254276 25 254981 25 255685 25 256389 26 257094 25 257798 26 258503 25 259209 24 259914 23 260618 24 261323 23 262027 24 262733 22 263439 21 264144 21 264849 21 265554 20 266259 20 266963 21 267668 20 268373 20 269078 20 269783 19 270487 20 271192 20 271897 19 272602 19 273307 19 274011 19 274716 19 275421 18 276126 18 276831 17 277536 17 278240 17 278945 17 279650 16 280354 17 281059 17 281764 16 282469 16 283174 15 283879 14 284583 15 285288 14 285993 14 286698 14 287402 14 288107 14 288812 13 289516 14 290221 15 290926 15 291630 14 292335 13 293039 13 293744 13 294448 14 295152 14 295856 14 296561 13 297265 13 297970 12 298674 12 299379 12 300084 11 300788 11 301492 10 302197 9 302901 8 303605 7 304311 5 305017 2
d48ec7815252,198748 3 199450 7 200152 10 200853 15 201554 20 202254 26 202952 33 203651 40 204355 41 205060 40 205764 41 206469 41 207173 42 207877 42 208581 43 209285 42 209989 42 210693 41 211396 37 212100 31 212802 28 213506 25 214209 22 214912 20 215614 20 216318 18 217022 17 217726 16 218430 14 219138 9
d48ec7815252,3170 5 3872 7 4576 7 5280 7 5984 7 6687 8 7391 8 8095 8 8798 9 9502 9 10206 9 10909 10 11613 10 12317 10 13020 11 13724 11 14428 11 15131 11 15835 11 16539 11 17242 12 17946 11 18650 11 19354 11 20058 10 20761 11 21465 11 22169 11 22872 11 23576 11 24279 12 24983 12 25686 13 26390 13 27093 14 27796 15 28500 15 29203 15 29905 17 30609 17 31312 18 32015 20 32718 21 33422 21 34124 23 34828 22 35531 22 36234 22 36937 23 37640 24 38343 24 39047 23 39750 24 40453 24 41157 24 41860 24 42564 24 43268 22 43971 22 44675 22 45379 21 46083 20 46787 19 47491 17 48195 16 48900 14 49604 13 50309 12 51013 11 51717 10 52422 8 53126 7 53830 7 54535 5 55239 4
d48ec7815252,3153 2 3853 7 4556 8 5260 8 5963 9 6668 7 7372 6 8076 5 8779 6 9483 6 10186 6 10890 6 11594 5 12298 5 13001 5 13704 6 14408 6 15112 5 15815 6 16518 6 17221 7 17925 7 18628 7 19331 8 20035 7 20739 7 21442 8 22146 7 22849 7 23552 8 24256 8 24959 8 25662 9 26366 9 27070 9 27773 9 28477 9 29181 8 29885 8 30589 7 31292 8 31996 7 32699 8 33403 7 34107 7 34810 8 35514 8 36217 8 36921 7 37625 7 38329 6 39032 7 39736 6 40440 6 41143 7 41846 7 42550 7 43253 8 43956 8 44660 8 45363 8 46066 8 46769 9 47472 10 48175 11 48878 12 49581 12 50285 11 50988 11 51690 12 52393 12 53096 12 53798 12 54501 11 55204 11 55906 12 56607 12 57309 13 58011 14 58714 13 59417 12 60120 13 60822 14 61524 13 62227 11 62931 9 63635 8 64339 7
d48ec7815252,211766 1 212469 2 213172 3 213875 4 214578 6 215281 8 215984 10 216686 14 216705 4 217389 34 218092 35 218794 37 219497 38 220200 38 220903 39 221606 40 222309 38 223013 35 223049 1 223716 34 224419 32 225123 30 225827 27 226531 8 226541 15 227236 4 227246 13 227950 11 228654 11 229358 9 230062 9 230766 8 231470 8 232174 8 232878 8 233582 8 234286 8 234990 8 235695 6 236399 5 237104 4
d48ec7815252,150327 12 151029 16 151046 7 151058 11 151732 44 152435 46 153138 47 153838 51 154519 3 154541 52 155221 9 155240 56 155925 11 155937 63 156628 73 157332 71 158036 70 158740 67 159444 66 160149 64 160854 60 161560 56 162266 53 162974 48 163679 46 164385 43 165095 35 165801 33 166509 28 167216 25 167921 23 168627 20 169332 18 170037 17 170742 16 171447 15 172152 14 172857 12 173561 12 174265 12 174969 12 175674 11 176378 11 177083 10 177787 10 178491 10 179196 9 179900 10 180604 10 181308 10 182013 9 182718 8 183422 8 184126 8 184830 8 185535 7 186239 7 186944 7 187648 7 188352 7 189057 6 189761 7 190465 7 191170 6 191874 7 192579 6 193283 6 193988 5 194692 6 195397 5 196101 6 196806 5 197510 5 198215 4 198919 4 199624 3 200328 1
d48ec7815252,2048 8 2752 8 3456 9 4160 9 4864 8 5568 8 6272 8 6976 8 7680 8 8384 8 9088 8 9792 7 10496 7 11200 7 11904 7 12608 7 13312 7 14016 7 14720 7 15424 8 16127 9 16831 9 17536 8 18240 9 18944 9 19648 9 20352 9 21056 10 21760 11 22464 11 23168 12 23871 13 24575 13 25279 14 25983 14 26686 16 27390 16 28090 1 28094 17 28794 1 28798 17 29497 2 29502 18 30201 2 30206 18 30906 1 30909 20 31613 21 32317 21 33021 22 33726 22 34430 23 35134 25 35839 25 36543 27 37247 28 37951 32 38655 39 39359 40 40064 41 40768 42 41472 42 42176 21 42204 15 42881 19 42915 7 43586 17 43622 3 44290 16 44996 14 45700 14 46405 13 47110 12
d48ec7815252,81527 5 82230 7 82933 9 83637 9 84338 13 85042 14 85746 15 86450 17 87154 19 87866 13 88570 15 89275 18 89980 21 90686 24 91390 27 92096 27 92801 28 93505 28 94210 27 94915 26 95620 24 96325 23 97030 21 97735 20 98439 19 99144 18 99849 17 100554 16 101259 15 101963 15 102667 15 103371 14 104077 11 104782 8 105488 5
d48ec7815252,311258 3 311961 5 312665 6 313370 5 314074 5 314779 5 315483 6 316187 6 316891 6 317595 7 318299 7 319003 8 319707 8 320411 8 321115 8 321819 8 322524 8 323228 8 323932 8 324636 9 325340 10 326044 11 326748 11 327452 12 328157 11 328861 12 329565 13 330269 14 330973 15 331677 16 332381 17 333085 17 333789 18 334493 19 335197 20 335901 21 336605 22 337309 23 338012 24 338716 25 339419 27 340123 28 340826 29 341529 31 342233 32 342936 34 343640 34 344343 36 345045 39 345749 40 346452 43 347157 43 347865 40 348572 39 349280 36 349984 37 350689 37 351392 40 352095 42 352799 43 353502 45 354206 46 354910 47 355614 48 356332 34 357038 33 357744 31 358449 31 359155 28 359861 26 360566 24 361271 23 361976 22 362686 10
d48ec7815252,85418 5 86121 7 86823 10 87526 13 88229 15 88278 1 88930 20 88982 1 89634 23 89684 4 90338 25 90388 4 91042 26 91090 6 91746 27 91793 7 92450 29 92495 10 93154 32 93199 10 93858 35 93902 12 94562 56 95266 56 95970 56 96675 55 97379 54 98084 51 98788 50 99493 49 100198 48 100902 47 101607 46 102312 45 103016 45 103721 44 104425 45 105130 45 105834 46 106539 45 107243 45 107947 46 108651 47 109356 46 110060 46 110764 46 111469 45 112173 45 112877 45 113581 45 114286 44 114990 43 115695 42 116399 43 117103 42 117808 41 118512 41 119217 40 119922 38 120626 38 121331 37 122036 37 122741 35 123446 34 124151 33 124855 32 125560 31 126265 29 126970 28 127674 27 128379 25 129084 23 129788 23 130493 21 131198 20 131902 19 132607 18 133313 14
d48ec7815252,168363 7 169067 11 169770 14 170474 14 171178 15 171882 15 172586 16 173290 17 173995 17 174699 18 175404 19 176108 21 176813 22 177518 24 178222 27 178927 28 179632 29 180336 32 181041 32 181745 33 182450 32 183155 32 183860 32 184565 32 185270 32 185975 32 186681 31 187388 29 188093 29 188799 28 189507 26 190214 25 190920 24 191627 23 192333 23 193041 23 193748 23 194457 20 195166 18 195874 17 196582 16 197288 17 197994 18 198703 16 199409 16 200115 17 200821 17 201529 15 202236 13 202943 9 203650 1
d48ec7815252,56990 1 57692 5 58394 8 59098 9 59801 10 60505 11 61208 12 61912 13 62616 13 63320 14 64024 15 64728 15 65432 15 66136 16 66840 17 67544 17 68248 18 68952 19 69656 20 70360 20 71064 21 71768 22 72472 23 73176 24 73880 25 74584 26 75288 27 75992 29 76697 29 77401 30 78105 32 78809 33 79513 33 80217 33 80921 33 81625 26 82330 23 83034 21 83738 20 84442 19 85146 18 85850 17 86554 16 87258 15 87962 15 88666 14 89370 13 90074 12 90778 12 91482 11 92186 10 92890 10 93595 8 94299 7 95003 7 95707 6
d48ec7815252,260607 5 261310 7 262014 8 262718 8 263422 8 264126 8 264831 7 265534 8 266238 8 266942 8 267646 8 268350 8 269054 8 269758 8 270462 8 271166 9 271870 9 272574 9 273278 9 273982 9 274686 9 275390 9 276095 8 276799 8 277503 8 278207 8 278911 8 279615 8 280319 8 281023 8 281727 8 282431 8 283135 8 283839 8 284543 8 285248 7 285952 7 286656 7 287360 7 288064 7 288768 7 289472 7 290176 7 290880 7 291584 7 292288 7 292992 7 293696 7 294400 7 295104 7 295808 7 296513 7 297217 7 297921 7 298625 8 299329 8 300033 8 300737 8 301441 9 302145 9 302849 9 303553 9 304257 9 304960 11 305664 11 306368 11 307072 12 307776 12 308479 14 309183 14 309887 16 310591 17 311294 21 311998 21 312701 23 313404 24 314108 25 314812 24 315516 23 316219 23 316923 23 317627 22 318331 22 319034 22 319738 21 320432 1 320442 20 321135 30 321839 30 322543 29 323247 29 323951 29 324655 29 325359 29 326063 29 326767 29 327471 29 328175 28 328879 28 329584 27 330289 26 330993 26 331698 25 332402 26 333107 24 333812 23 334516 23 335221 22 335925 21 336631 19 337335 19 338040 17 338745 16 339449 15 340154 13 340858 12 341563 10 342267 10 342973 6 343678 4
d48ec7815252,85104 20 85806 23 86509 26 87211 30 87914 33 88615 37 89317 39 90019 42 90722 44 91425 47 92127 49 92830 51 93533 36 93576 9 94237 31 94941 27 95644 26 96348 24 97051 23 97755 21 98458 19 99162 16 99866 12 100570 10 101274 6 101978 4 102682 2 103385 1
d48ec7815252,121802 2 122505 7 123209 9 123913 10 124617 10 125321 10 126025 10 126729 10 127433 10 128137 11 128841 11 129545 11 130249 11 130953 11 131657 11 132361 11 133065 11 133769 12 134473 12 135177 12 135881 12 136585 12 137289 12 137993 13 138697 13 139401 13 140105 13 140809 13 141513 14 142217 14 142921 15 143625 15 144329 15 145033 16 145737 16 146442 15 147146 15 147850 16 148555 15 149259 16 149964 15 150668 15 151373 15 152077 15 152781 16 153485 16 154189 17 154893 17 155598 17 156302 17 157007 16 157711 17 158415 17 159120 17 159824 17 160528 18 161232 18 161937 18 162641 18 163345 18 164049 19 164753 19 165458 19 166162 19 166866 19 167570 20 168275 19 168980 19 169684 19 170388 20 171093 19 171797 19 172501 19 173206 19 173910 19 174615 19 175320 18 176024 18 176729 17 177434 16 178139 16 178843 16 179548 15 180253 15 180958 14 181663 13 182368 12 183072 13 183777 12 184482 11 185187 10 185891 10 186595 11 187300 10 188004 11 188709 10 189414 10 190118 10 190822 10 191527 10 192232 9 192936 9 193641 9 194345 9 195050 8 195754 9 196459 8 197163 9 197868 8 198572 8 199277 8 199982 7 200686 7 201390 8 202095 7 202799 7 203503 8 204208 8 204912 8 205617 7 206321 8 207026 7 207730 7 208435 7 209139 7 209844 7 210548 7 211252 8 211957 7 212661 8 213366 7 214071 7 214775 7 215480 6 216184 7 216888 8 217593 8 218297 8 219002 7 219706 8 220411 7 221116 7 221821 6 222525 6 223229 7 223934 6 224638 7 225343 6 226048 6 226753 5 227457 6 228162 5 228866 5 229570 5 230275 5 230979 4 231685 1
d48ec7815252,219748 1 219752 4 219758 2 220447 23 221149 28 221852 31 222554 34 223257 39 223960 46 224663 48 225366 51 226070 53 226774 53 227477 55 228181 56 228884 58 229587 59 230291 59 230994 61 231697 62 232401 63 233105 63 233809 64 234514 64 235218 64 235923 64 236629 62 237334 62 238041 60 238748 58 239454 56 240160 55 240866 53 241572 53 242277 53 242983 51 243688 50 244393 49 245098 48 245803 46 246508 31 246549 3 247213 28 247918 26 248624 23 249329 21 250034 20 250739 18 251444 17 252149 15 252854 14 253558 14 254263 13 254968 13 255673 12 256378 11 257082 12 257787 11 258493 10 259198 11 259903 11
d48ec7815252,142175 3 142873 15 143576 16 144277 21 144980 22 145682 24 146385 25 147087 27 147789 29 148494 28 149197 29 149902 27 150606 25 151308 23 152011 21 152713 22 153410 29 154111 31 154815 31 155519 30 156223 29 156927 29 157631 28 158335 27 159041 24 159747 21 160453 18 161159 16 161863 15 162568 14 163272 14 163976 13 164681 11 165385 9 166089 7 166793 6 167497 4 168202 2
d48ec7815252,128600 1 129304 5 130008 13 130712 19 131415 21 132119 20 132823 20 133527 16 134229 16 134932 16 135636 14 136339 14 137042 15 137745 16 138449 16 139153 16 139856 17 140559 18 141262 19 141966 20 142669 22 143372 23 144075 23 144779 24 145482 25 146185 26 146887 29 147590 30 148293 31 148996 32 149698 34 150399 37 151102 39 151802 43 152504 47 153194 63 153889 74 154593 73 155296 74 156000 73 156703 74 157409 2 157417 63 158139 45 158848 40 159554 36 160261 31 160968 28 161675 25 162380 23 163086 20 163792 18 164497 15 165202 13 165907 11 166612 9 167317 8 168024 2
d48ec7815252,102397 7 103101 14 103808 13 104514 19 105221 20 105373 2 105927 55 105993 15 106048 7 106072 7 106634 85 106745 39 107338 150 108044 148 108750 145 109461 139 110206 98 110921 87 111634 77 112343 72 113051 68 113759 64 114466 60 115174 53 115883 43
d48ec7815252,55128 1 55829 13 55854 2 56532 15 56556 5 57236 18 57259 6 57938 32 58642 33 59344 35 60048 36 60750 38 61453 38 62156 38 62859 37 63563 36 64267 34 64971 34 65675 32 66380 31 67084 30 67788 30 68493 30 69197 29 69902 28 70606 28 71311 26 72016 24 72720 22 72743 1 73425 23 74129 22 74834 20 75539 18 76244 14 76949 5
d48ec7815252,167501 2 168199 3 168204 3 168903 7 169606 6 170309 7 171013 6 171716 6 172419 7 173123 6 173826 7 174529 7 175232 8 175935 7 176638 7 177341 7 178045 6 178748 7 179452 6 180155 6 180858 6 181561 6 182264 7 182967 7 183670 8 184374 7 185077 7 185780 7 186484 6 187187 7 187890 7 188593 8 189296 8 190000 7 190703 7 191406 7 192109 7 192813 6 193516 7 194219 7 194922 7 195626 7 196329 7 197032 7 197735 8 198439 7 199142 7 199845 8 200549 7 201252 8 201955 8 202657 9 203361 9 204064 9 204768 9 205471 9 206173 10 206875 12 207578 12 208282 12 208985 12 209688 13 210390 14 211093 15 211795 16 212498 17 213201 18 213904 19 214607 19 215309 21 216011 19 216043 12 216714 19 216745 15 217423 13 217453 3 217459 3 218127 10 218831 9 219535 7 220238 7 220942 6 221646 4 222347 6 223048 1 223050 6 223750 7
d48ec7815252,2821 10 3524 16 4228 22 4932 27 5637 32 6344 34 7052 32 7761 29 8470 27 9179 27 9888 24 10595 23 11302 24 12011 22 12719 22 13426 23 14133 28 14840 28 15547 26 16255 23 16961 21 17668 21 18375 23 19081 23 19787 23 20493 23 21199 23 21905 24 22613 23 23320 23 24026 23 24733 22 25440 21 26146 21 26852 22 27559 21 28265 21 28970 22 29676 21 30382 20 31087 21 31793 21 32499 21 33205 20 33910 20 34616 18 35321 18 36027 17 36732 18 37438 18 38143 18 38850 16 39556 15 40261 16 40968 15 41673 16 42378 16 43083 17 43789 17 44495 16 45200 16 45906 16 46611 19 47317 18 48022 19 48727 18 49432 18 50137 19 50842 20 51548 20 52254 19 52959 19 53665 18 54370 17 55076 16 55781 15 56486 15 57190 16 57895 16 58600 16 59307 13 60014 11 60722 7 61427 6 62131 6 62835 7 63541 4
d48ec7815252,274740 2 275444 3 276148 4 276851 6 277555 6 278259 7 278963 7 279667 7 280372 7 281077 7 281781 7 282486 6 283190 7 283895 7 284599 8 285304 7 286008 8 286713 7 287417 7 288122 7 288826 8 289531 7 290236 7 290941 7 291644 8 292348 9 293052 9 293757 9 294462 9 295166 9 295870 10 296574 11 297278 12 297982 13 298686 13 299391 13 300095 14 300799 14 301503 15 302208 16 302912 16 303617 16 304322 16 305027 15 305731 15 306436 15 307141 15 307846 14 308550 15 309255 14 309960 13 310665 13 311370 12 312075 11 312779 11 313484 11 314189 10 314894 10 315598 10 316303 9 317008 9 317712 9 318417 8 319122 7 319827 7 320531 7 321236 7 321940 7 322645 7 323349 8 324054 7 324758 8 325463 7 326168 7 326872 8 327576 8 328281 8 328986 8 329691 7 330395 8 331100 7 331805 6 332509 7 333214 6 333919 5 334624 4 335328 4
d48ec7815252,133581 9 134285 14 134989 23 135693 26 136398 26 137105 24 137812 22 138516 22 139221 21 139926 21 140630 21 141334 22 142039 21 142744 21 143448 21 144153 21 144858 22 145563 22 146267 23 146971 24 147675 24 148380 24 149084 24 149789 24 150493 24 151198 23 151902 24 152607 23 153311 24 154016 23 154720 23 155425 23 156129 23 156833 24 157537 24 158241 24 158946 23 159650 22 160354 22 161059 21 161764 19 162468 19 163172 19 163877 17 164582 16 165287 15 165991 15 166697 13 167402 12 168106 12 168811 11 169516 10 170221 8 170926 4
d48ec7815252,324502 15 325204 19 325908 20 326612 21 327316 21 328020 22 328724 22 329428 22 330132 21 330836 20 331540 19 332245 17 332950 14 333656 11 334361 8 335067 3
d48ec7815252,236088 9 236789 13 237490 16 238191 18 238893 19 239593 21 240294 23 240950 25 240993 27 241646 76 242344 81 243048 81 243752 80 244456 80 245160 80 245865 77 246576 70 247288 61 247994 57 248701 53 249406 52 250114 47 250823 40 251533 32 252240 28 252947 25 253652 22 254358 20 255063 18 255770 14 256476 12 257183 7
d48ec7815252,61314 3 62016 7 62718 11 63421 13 64124 15 64827 17 65530 19 66232 22 66935 23 67639 24 68342 25 69045 27 69748 29 70451 30 71153 33 71855 36 72557 38 73257 43 73926 6 73938 1 73942 63 74630 80 75334 80 76038 81 76743 80 77447 80 78151 80 78855 80 79558 81 80262 81 80966 81 81670 81 82374 81 83078 81 83782 80 84486 79 85191 78 85896 30 85935 39 86601 27 86644 33 87307 25 87359 22 88011 25 88069 16 88716 24 88775 13 89420 23 89483 9 90126 5 90140 7 90189 2 90844 8 91549 7 92253 6 92958 4
d48ec7815252,358851 5 359553 10 360256 14 360958 26 361661 33 362365 39 363069 55 363773 60 364478 62 365186 58
d48ec7815252,224146 6 224848 10 225553 15 226256 15 226956 16 227659 16 228363 14 229066 13 229768 10 230467 13 231170 16 231874 11 232577 10 233280 11 233979 16 234681 17 235384 17 236085 3 236097 8 236786 3 236802 7 237488 2 237506 4 238189 2 238209 3 238890 3 238912 3 239591 2 239614 4 240291 3 240317 4 240949 1 240975 2 240991 2 241020 4 241640 6 241722 5 242342 2 242425 5 243045 3 243129 3 243749 3 243832 3 244453 3 244536 3 245158 2 245240 2 245864 1 245942 2 246571 5 246646 2 247282 6 247349 2 247990 4 248051 2 248699 2 248754 2 249458 1 250161 1 250863 1 251531 2 251565 2 252268 1 253674 1
d48ec7815252,2819 2 3523 1 4227 1 5669 1 6378 2 7084 2 7790 4 8497 4 9178 1 9912 1 10618 1 12718 1 13425 1 14839 1 15545 2 16254 1 16278 2 16960 1 16982 4 17666 2 17689 2 18374 1
d48ec7815252,194581 9 195285 11 195989 12 196693 12 197398 11 198103 11 198808 10 199512 10 200217 9 200922 9 201626 9 202331 9 203036 8 203741 8 204445 9 205150 9 205854 10 206559 10 207263 11 207967 12 208672 12 209376 13 210080 15 210784 16 211488 18 212193 18 212897 19 213601 21 214305 22 215009 23 215713 24 216417 26 217121 27 217825 29 218529 31 219234 31 219938 31 220642 31 221346 31 222050 30 222755 28 223459 27 224165 25 224871 22 225578 6
